,location_id,city,weather_date,avg_temp_c,max_temp_c,min_temp_c,total_precip_mm,avg_humidity_pct,avg_wind_speed_kmh,source_system,run_id,loaded_at,loaded_file_name,rejection_reason
0,HEL,Helsinki,2024-05-01,12.0,18.4,8.4,0.0,69,13.4,teacher_generated_backup,7b4375e8-7b18-43e1-9398-d52f01d48e3c,2026-06-23 08:24:37,/Users/seb_el_famoso/Documents/Brights/Week 7 - ETL/week7_etl_starter/data/bad_data/weather_corrections_bad.csv,
1,HEL,Helsinki,2024-05-02,9.7,14.2,5.7,0.0,68,13.3,teacher_generated_backup,7b4375e8-7b18-43e1-9398-d52f01d48e3c,2026-06-23 08:24:37,/Users/seb_el_famoso/Documents/Brights/Week 7 - ETL/week7_etl_starter/data/bad_data/weather_corrections_bad.csv,
2,HEL,Helsinki,2024-05-03,10.8,14.1,7.4,0.0,70,14.3,teacher_generated_backup,7b4375e8-7b18-43e1-9398-d52f01d48e3c,2026-06-23 08:24:37,/Users/seb_el_famoso/Documents/Brights/Week 7 - ETL/week7_etl_starter/data/bad_data/weather_corrections_bad.csv,
4,HEL,Helsinki,2024-05-05,9.9,13.2,6.4,0.0,86,5.0,teacher_generated_backup,7b4375e8-7b18-43e1-9398-d52f01d48e3c,2026-06-23 08:24:37,/Users/seb_el_famoso/Documents/Brights/Week 7 - ETL/week7_etl_starter/data/bad_data/weather_corrections_bad.csv,
6,HEL,Helsinki,2024-05-07,8.0,13.1,4.9,0.0,67,11.4,teacher_generated_backup,7b4375e8-7b18-43e1-9398-d52f01d48e3c,2026-06-23 08:24:37,/Users/seb_el_famoso/Documents/Brights/Week 7 - ETL/week7_etl_starter/data/bad_data/weather_corrections_bad.csv,
7,HEL,Helsinki,2024-05-08,12.5,18.6,10.0,0.0,60,6.8,teacher_generated_backup,7b4375e8-7b18-43e1-9398-d52f01d48e3c,2026-06-23 08:24:37,/Users/seb_el_famoso/Documents/Brights/Week 7 - ETL/week7_etl_starter/data/bad_data/weather_corrections_bad.csv,
8,HEL,Helsinki,2024-05-09,11.1,15.3,9.1,9.5,85,14.9,teacher_generated_backup,7b4375e8-7b18-43e1-9398-d52f01d48e3c,2026-06-23 08:24:37,/Users/seb_el_famoso/Documents/Brights/Week 7 - ETL/week7_etl_starter/data/bad_data/weather_corrections_bad.csv,
9,HEL,Helsinki,2024-05-10,10.8,13.6,7.9,0.0,74,18.9,teacher_generated_backup,7b4375e8-7b18-43e1-9398-d52f01d48e3c,2026-06-23 08:24:37,/Users/seb_el_famoso/Documents/Brights/Week 7 - ETL/week7_etl_starter/data/bad_data/weather_corrections_bad.csv,
10,HEL,Helsinki,2024-05-11,10.7,13.7,7.8,0.0,71,20.8,teacher_generated_backup,7b4375e8-7b18-43e1-9398-d52f01d48e3c,2026-06-23 08:24:37,/Users/seb_el_famoso/Documents/Brights/Week 7 - ETL/week7_etl_starter/data/bad_data/weather_corrections_bad.csv,
12,HEL,Helsinki,2024-05-13,11.1,15.4,6.8,0.0,82,18.2,teacher_generated_backup,7b4375e8-7b18-43e1-9398-d52f01d48e3c,2026-06-23 08:24:37,/Users/seb_el_famoso/Documents/Brights/Week 7 - ETL/week7_etl_starter/data/bad_data/weather_corrections_bad.csv,
13,HEL,Helsinki,2024-05-14,11.8,18.0,9.6,0.0,71,6.9,teacher_generated_backup,7b4375e8-7b18-43e1-9398-d52f01d48e3c,2026-06-23 08:24:37,/Users/seb_el_famoso/Documents/Brights/Week 7 - ETL/week7_etl_starter/data/bad_data/weather_corrections_bad.csv,
14,HEL,Helsinki,2024-05-15,11.9,15.0,7.9,3.9,70,19.2,teacher_generated_backup,7b4375e8-7b18-43e1-9398-d52f01d48e3c,2026-06-23 08:24:37,/Users/seb_el_famoso/Documents/Brights/Week 7 - ETL/week7_etl_starter/data/bad_data/weather_corrections_bad.csv,
15,HEL,Helsinki,2024-05-16,13.0,18.8,8.8,3.2,67,13.8,teacher_generated_backup,7b4375e8-7b18-43e1-9398-d52f01d48e3c,2026-06-23 08:24:37,/Users/seb_el_famoso/Documents/Brights/Week 7 - ETL/week7_etl_starter/data/bad_data/weather_corrections_bad.csv,
16,HEL,Helsinki,2024-05-17,14.0,19.8,9.2,3.8,66,15.5,teacher_generated_backup,7b4375e8-7b18-43e1-9398-d52f01d48e3c,2026-06-23 08:24:37,/Users/seb_el_famoso/Documents/Brights/Week 7 - ETL/week7_etl_starter/data/bad_data/weather_corrections_bad.csv,
18,HEL,Helsinki,2024-05-19,10.8,16.5,5.9,0.0,84,12.2,teacher_generated_backup,7b4375e8-7b18-43e1-9398-d52f01d48e3c,2026-06-23 08:24:37,/Users/seb_el_famoso/Documents/Brights/Week 7 - ETL/week7_etl_starter/data/bad_data/weather_corrections_bad.csv,
19,HEL,Helsinki,2024-05-20,11.2,16.3,6.8,0.0,74,17.5,teacher_generated_backup,7b4375e8-7b18-43e1-9398-d52f01d48e3c,2026-06-23 08:24:37,/Users/seb_el_famoso/Documents/Brights/Week 7 - ETL/week7_etl_starter/data/bad_data/weather_corrections_bad.csv,
20,HEL,Helsinki,2024-05-21,10.9,13.5,8.8,0.0,72,12.3,teacher_generated_backup,7b4375e8-7b18-43e1-9398-d52f01d48e3c,2026-06-23 08:24:37,/Users/seb_el_famoso/Documents/Brights/Week 7 - ETL/week7_etl_starter/data/bad_data/weather_corrections_bad.csv,
21,HEL,Helsinki,2024-05-22,10.9,13.9,7.9,0.0,84,20.1,teacher_generated_backup,7b4375e8-7b18-43e1-9398-d52f01d48e3c,2026-06-23 08:24:37,/Users/seb_el_famoso/Documents/Brights/Week 7 - ETL/week7_etl_starter/data/bad_data/weather_corrections_bad.csv,
22,HEL,Helsinki,2024-05-23,11.5,17.4,7.7,0.0,68,12.6,teacher_generated_backup,7b4375e8-7b18-43e1-9398-d52f01d48e3c,2026-06-23 08:24:37,/Users/seb_el_famoso/Documents/Brights/Week 7 - ETL/week7_etl_starter/data/bad_data/weather_corrections_bad.csv,
24,HEL,Helsinki,2024-05-25,13.9,17.6,9.7,1.0,64,8.8,teacher_generated_backup,7b4375e8-7b18-43e1-9398-d52f01d48e3c,2026-06-23 08:24:37,/Users/seb_el_famoso/Documents/Brights/Week 7 - ETL/week7_etl_starter/data/bad_data/weather_corrections_bad.csv,
25,HEL,Helsinki,2024-05-26,11.2,15.5,8.4,0.0,71,16.8,teacher_generated_backup,7b4375e8-7b18-43e1-9398-d52f01d48e3c,2026-06-23 08:24:37,/Users/seb_el_famoso/Documents/Brights/Week 7 - ETL/week7_etl_starter/data/bad_data/weather_corrections_bad.csv,
26,HEL,Helsinki,2024-05-27,13.4,18.9,11.2,0.0,84,14.5,teacher_generated_backup,7b4375e8-7b18-43e1-9398-d52f01d48e3c,2026-06-23 08:24:37,/Users/seb_el_famoso/Documents/Brights/Week 7 - ETL/week7_etl_starter/data/bad_data/weather_corrections_bad.csv,
27,HEL,Helsinki,2024-05-28,12.9,16.5,8.8,0.0,65,15.6,teacher_generated_backup,7b4375e8-7b18-43e1-9398-d52f01d48e3c,2026-06-23 08:24:37,/Users/seb_el_famoso/Documents/Brights/Week 7 - ETL/week7_etl_starter/data/bad_data/weather_corrections_bad.csv,
28,HEL,Helsinki,2024-05-29,14.5,17.1,9.5,0.0,62,19.2,teacher_generated_backup,7b4375e8-7b18-43e1-9398-d52f01d48e3c,2026-06-23 08:24:37,/Users/seb_el_famoso/Documents/Brights/Week 7 - ETL/week7_etl_starter/data/bad_data/weather_corrections_bad.csv,
29,HEL,Helsinki,2024-05-30,13.1,17.8,10.2,0.0,66,14.8,teacher_generated_backup,7b4375e8-7b18-43e1-9398-d52f01d48e3c,2026-06-23 08:24:37,/Users/seb_el_famoso/Documents/Brights/Week 7 - ETL/week7_etl_starter/data/bad_data/weather_corrections_bad.csv,
30,HEL,Helsinki,2024-05-31,12.3,16.6,10.0,0.0,79,15.9,teacher_generated_backup,7b4375e8-7b18-43e1-9398-d52f01d48e3c,2026-06-23 08:24:37,/Users/seb_el_famoso/Documents/Brights/Week 7 - ETL/week7_etl_starter/data/bad_data/weather_corrections_bad.csv,
31,STO,Stockholm,2024-05-01,12.4,15.8,8.0,2.3,79,23.2,teacher_generated_backup,7b4375e8-7b18-43e1-9398-d52f01d48e3c,2026-06-23 08:24:37,/Users/seb_el_famoso/Documents/Brights/Week 7 - ETL/week7_etl_starter/data/bad_data/weather_corrections_bad.csv,
32,STO,Stockholm,2024-05-02,11.4,14.9,6.8,0.0,72,11.0,teacher_generated_backup,7b4375e8-7b18-43e1-9398-d52f01d48e3c,2026-06-23 08:24:37,/Users/seb_el_famoso/Documents/Brights/Week 7 - ETL/week7_etl_starter/data/bad_data/weather_corrections_bad.csv,
33,STO,Stockholm,2024-05-03,12.5,17.1,9.1,0.0,64,14.3,teacher_generated_backup,7b4375e8-7b18-43e1-9398-d52f01d48e3c,2026-06-23 08:24:37,/Users/seb_el_famoso/Documents/Brights/Week 7 - ETL/week7_etl_starter/data/bad_data/weather_corrections_bad.csv,
34,STO,Stockholm,2024-05-04,10.4,14.3,8.3,0.0,77,14.6,teacher_generated_backup,7b4375e8-7b18-43e1-9398-d52f01d48e3c,2026-06-23 08:24:37,/Users/seb_el_famoso/Documents/Brights/Week 7 - ETL/week7_etl_starter/data/bad_data/weather_corrections_bad.csv,
36,STO,Stockholm,2024-05-06,11.0,17.0,7.0,0.0,76,13.7,teacher_generated_backup,7b4375e8-7b18-43e1-9398-d52f01d48e3c,2026-06-23 08:24:37,/Users/seb_el_famoso/Documents/Brights/Week 7 - ETL/week7_etl_starter/data/bad_data/weather_corrections_bad.csv,
37,STO,Stockholm,2024-05-07,12.0,15.1,9.1,0.0,73,11.7,teacher_generated_backup,7b4375e8-7b18-43e1-9398-d52f01d48e3c,2026-06-23 08:24:37,/Users/seb_el_famoso/Documents/Brights/Week 7 - ETL/week7_etl_starter/data/bad_data/weather_corrections_bad.csv,
38,STO,Stockholm,2024-05-08,10.8,17.1,7.8,0.0,70,10.4,teacher_generated_backup,7b4375e8-7b18-43e1-9398-d52f01d48e3c,2026-06-23 08:24:37,/Users/seb_el_famoso/Documents/Brights/Week 7 - ETL/week7_etl_starter/data/bad_data/weather_corrections_bad.csv,
39,STO,Stockholm,2024-05-09,11.7,14.6,9.3,0.0,63,14.1,teacher_generated_backup,7b4375e8-7b18-43e1-9398-d52f01d48e3c,2026-06-23 08:24:37,/Users/seb_el_famoso/Documents/Brights/Week 7 - ETL/week7_etl_starter/data/bad_data/weather_corrections_bad.csv,
40,STO,Stockholm,2024-05-10,12.5,18.8,9.1,1.5,66,8.0,teacher_generated_backup,7b4375e8-7b18-43e1-9398-d52f01d48e3c,2026-06-23 08:24:37,/Users/seb_el_famoso/Documents/Brights/Week 7 - ETL/week7_etl_starter/data/bad_data/weather_corrections_bad.csv,
42,STO,Stockholm,2024-05-12,11.7,16.2,7.2,0.0,57,9.4,teacher_generated_backup,7b4375e8-7b18-43e1-9398-d52f01d48e3c,2026-06-23 08:24:37,/Users/seb_el_famoso/Documents/Brights/Week 7 - ETL/week7_etl_starter/data/bad_data/weather_corrections_bad.csv,
43,STO,Stockholm,2024-05-13,13.7,19.4,11.2,0.0,69,13.1,teacher_generated_backup,7b4375e8-7b18-43e1-9398-d52f01d48e3c,2026-06-23 08:24:37,/Users/seb_el_famoso/Documents/Brights/Week 7 - ETL/week7_etl_starter/data/bad_data/weather_corrections_bad.csv,
44,STO,Stockholm,2024-05-14,11.8,17.9,8.2,2.6,67,10.0,teacher_generated_backup,7b4375e8-7b18-43e1-9398-d52f01d48e3c,2026-06-23 08:24:37,/Users/seb_el_famoso/Documents/Brights/Week 7 - ETL/week7_etl_starter/data/bad_data/weather_corrections_bad.csv,
45,STO,Stockholm,2024-05-15,12.1,17.2,7.9,3.1,58,15.5,teacher_generated_backup,7b4375e8-7b18-43e1-9398-d52f01d48e3c,2026-06-23 08:24:37,/Users/seb_el_famoso/Documents/Brights/Week 7 - ETL/week7_etl_starter/data/bad_data/weather_corrections_bad.csv,
46,STO,Stockholm,2024-05-16,14.0,19.4,11.6,0.0,70,16.8,teacher_generated_backup,7b4375e8-7b18-43e1-9398-d52f01d48e3c,2026-06-23 08:24:37,/Users/seb_el_famoso/Documents/Brights/Week 7 - ETL/week7_etl_starter/data/bad_data/weather_corrections_bad.csv,
48,STO,Stockholm,2024-05-18,11.7,16.3,8.5,0.0,67,7.0,teacher_generated_backup,7b4375e8-7b18-43e1-9398-d52f01d48e3c,2026-06-23 08:24:37,/Users/seb_el_famoso/Documents/Brights/Week 7 - ETL/week7_etl_starter/data/bad_data/weather_corrections_bad.csv,
49,STO,Stockholm,2024-05-19,12.1,14.6,8.7,0.0,75,13.6,teacher_generated_backup,7b4375e8-7b18-43e1-9398-d52f01d48e3c,2026-06-23 08:24:37,/Users/seb_el_famoso/Documents/Brights/Week 7 - ETL/week7_etl_starter/data/bad_data/weather_corrections_bad.csv,
50,STO,Stockholm,2024-05-20,13.1,18.2,10.2,0.0,62,13.8,teacher_generated_backup,7b4375e8-7b18-43e1-9398-d52f01d48e3c,2026-06-23 08:24:37,/Users/seb_el_famoso/Documents/Brights/Week 7 - ETL/week7_etl_starter/data/bad_data/weather_corrections_bad.csv,
51,STO,Stockholm,2024-05-21,12.8,18.2,8.3,0.0,83,14.0,teacher_generated_backup,7b4375e8-7b18-43e1-9398-d52f01d48e3c,2026-06-23 08:24:37,/Users/seb_el_famoso/Documents/Brights/Week 7 - ETL/week7_etl_starter/data/bad_data/weather_corrections_bad.csv,
52,STO,Stockholm,2024-05-22,14.7,18.3,9.9,0.0,66,12.5,teacher_generated_backup,7b4375e8-7b18-43e1-9398-d52f01d48e3c,2026-06-23 08:24:37,/Users/seb_el_famoso/Documents/Brights/Week 7 - ETL/week7_etl_starter/data/bad_data/weather_corrections_bad.csv,
53,STO,Stockholm,2024-05-23,10.9,17.0,6.5,0.0,61,8.0,teacher_generated_backup,7b4375e8-7b18-43e1-9398-d52f01d48e3c,2026-06-23 08:24:37,/Users/seb_el_famoso/Documents/Brights/Week 7 - ETL/week7_etl_starter/data/bad_data/weather_corrections_bad.csv,
54,STO,Stockholm,2024-05-24,12.1,16.8,7.6,0.0,62,13.8,teacher_generated_backup,7b4375e8-7b18-43e1-9398-d52f01d48e3c,2026-06-23 08:24:37,/Users/seb_el_famoso/Documents/Brights/Week 7 - ETL/week7_etl_starter/data/bad_data/weather_corrections_bad.csv,
55,STO,Stockholm,2024-05-25,11.3,16.0,7.3,3.1,72,13.1,teacher_generated_backup,7b4375e8-7b18-43e1-9398-d52f01d48e3c,2026-06-23 08:24:37,/Users/seb_el_famoso/Documents/Brights/Week 7 - ETL/week7_etl_starter/data/bad_data/weather_corrections_bad.csv,
56,STO,Stockholm,2024-05-26,13.5,17.3,10.1,0.0,59,18.7,teacher_generated_backup,7b4375e8-7b18-43e1-9398-d52f01d48e3c,2026-06-23 08:24:37,/Users/seb_el_famoso/Documents/Brights/Week 7 - ETL/week7_etl_starter/data/bad_data/weather_corrections_bad.csv,
57,STO,Stockholm,2024-05-27,14.0,19.8,11.6,0.0,68,9.0,teacher_generated_backup,7b4375e8-7b18-43e1-9398-d52f01d48e3c,2026-06-23 08:24:37,/Users/seb_el_famoso/Documents/Brights/Week 7 - ETL/week7_etl_starter/data/bad_data/weather_corrections_bad.csv,
58,STO,Stockholm,2024-05-28,12.5,17.2,9.8,0.0,69,13.5,teacher_generated_backup,7b4375e8-7b18-43e1-9398-d52f01d48e3c,2026-06-23 08:24:37,/Users/seb_el_famoso/Documents/Brights/Week 7 - ETL/week7_etl_starter/data/bad_data/weather_corrections_bad.csv,
59,STO,Stockholm,2024-05-29,15.4,19.4,12.6,0.0,63,15.6,teacher_generated_backup,7b4375e8-7b18-43e1-9398-d52f01d48e3c,2026-06-23 08:24:37,/Users/seb_el_famoso/Documents/Brights/Week 7 - ETL/week7_etl_starter/data/bad_data/weather_corrections_bad.csv,
60,STO,Stockholm,2024-05-30,12.9,18.2,9.7,0.0,88,21.9,teacher_generated_backup,7b4375e8-7b18-43e1-9398-d52f01d48e3c,2026-06-23 08:24:37,/Users/seb_el_famoso/Documents/Brights/Week 7 - ETL/week7_etl_starter/data/bad_data/weather_corrections_bad.csv,
61,STO,Stockholm,2024-05-31,13.2,19.6,8.8,0.0,54,14.0,teacher_generated_backup,7b4375e8-7b18-43e1-9398-d52f01d48e3c,2026-06-23 08:24:37,/Users/seb_el_famoso/Documents/Brights/Week 7 - ETL/week7_etl_starter/data/bad_data/weather_corrections_bad.csv,
62,OSL,Oslo,2024-05-01,10.7,14.7,8.4,0.0,72,18.0,teacher_generated_backup,7b4375e8-7b18-43e1-9398-d52f01d48e3c,2026-06-23 08:24:37,/Users/seb_el_famoso/Documents/Brights/Week 7 - ETL/week7_etl_starter/data/bad_data/weather_corrections_bad.csv,
63,OSL,Oslo,2024-05-02,11.5,14.7,9.4,2.2,63,10.9,teacher_generated_backup,7b4375e8-7b18-43e1-9398-d52f01d48e3c,2026-06-23 08:24:37,/Users/seb_el_famoso/Documents/Brights/Week 7 - ETL/week7_etl_starter/data/bad_data/weather_corrections_bad.csv,
64,OSL,Oslo,2024-05-03,12.3,16.2,8.9,0.0,72,20.4,teacher_generated_backup,7b4375e8-7b18-43e1-9398-d52f01d48e3c,2026-06-23 08:24:37,/Users/seb_el_famoso/Documents/Brights/Week 7 - ETL/week7_etl_starter/data/bad_data/weather_corrections_bad.csv,
65,OSL,Oslo,2024-05-04,13.0,17.5,8.5,1.7,60,14.9,teacher_generated_backup,7b4375e8-7b18-43e1-9398-d52f01d48e3c,2026-06-23 08:24:37,/Users/seb_el_famoso/Documents/Brights/Week 7 - ETL/week7_etl_starter/data/bad_data/weather_corrections_bad.csv,
66,OSL,Oslo,2024-05-05,12.2,16.7,8.8,0.0,66,10.2,teacher_generated_backup,7b4375e8-7b18-43e1-9398-d52f01d48e3c,2026-06-23 08:24:37,/Users/seb_el_famoso/Documents/Brights/Week 7 - ETL/week7_etl_starter/data/bad_data/weather_corrections_bad.csv,
67,OSL,Oslo,2024-05-06,8.7,11.4,5.7,0.0,57,16.8,teacher_generated_backup,7b4375e8-7b18-43e1-9398-d52f01d48e3c,2026-06-23 08:24:37,/Users/seb_el_famoso/Documents/Brights/Week 7 - ETL/week7_etl_starter/data/bad_data/weather_corrections_bad.csv,
68,OSL,Oslo,2024-05-07,12.6,18.6,9.5,0.2,75,23.0,teacher_generated_backup,7b4375e8-7b18-43e1-9398-d52f01d48e3c,2026-06-23 08:24:37,/Users/seb_el_famoso/Documents/Brights/Week 7 - ETL/week7_etl_starter/data/bad_data/weather_corrections_bad.csv,
69,OSL,Oslo,2024-05-08,13.4,18.6,8.6,0.0,58,15.7,teacher_generated_backup,7b4375e8-7b18-43e1-9398-d52f01d48e3c,2026-06-23 08:24:37,/Users/seb_el_famoso/Documents/Brights/Week 7 - ETL/week7_etl_starter/data/bad_data/weather_corrections_bad.csv,
70,OSL,Oslo,2024-05-09,12.8,16.2,10.7,0.0,57,10.6,teacher_generated_backup,7b4375e8-7b18-43e1-9398-d52f01d48e3c,2026-06-23 08:24:37,/Users/seb_el_famoso/Documents/Brights/Week 7 - ETL/week7_etl_starter/data/bad_data/weather_corrections_bad.csv,
71,OSL,Oslo,2024-05-10,13.9,19.8,9.7,0.0,62,7.9,teacher_generated_backup,7b4375e8-7b18-43e1-9398-d52f01d48e3c,2026-06-23 08:24:37,/Users/seb_el_famoso/Documents/Brights/Week 7 - ETL/week7_etl_starter/data/bad_data/weather_corrections_bad.csv,
72,OSL,Oslo,2024-05-11,12.6,15.6,9.8,3.7,71,3.0,teacher_generated_backup,7b4375e8-7b18-43e1-9398-d52f01d48e3c,2026-06-23 08:24:37,/Users/seb_el_famoso/Documents/Brights/Week 7 - ETL/week7_etl_starter/data/bad_data/weather_corrections_bad.csv,
73,OSL,Oslo,2024-05-12,12.1,15.0,8.1,0.0,58,14.0,teacher_generated_backup,7b4375e8-7b18-43e1-9398-d52f01d48e3c,2026-06-23 08:24:37,/Users/seb_el_famoso/Documents/Brights/Week 7 - ETL/week7_etl_starter/data/bad_data/weather_corrections_bad.csv,
74,OSL,Oslo,2024-05-13,11.5,14.8,8.6,0.8,74,9.5,teacher_generated_backup,7b4375e8-7b18-43e1-9398-d52f01d48e3c,2026-06-23 08:24:37,/Users/seb_el_famoso/Documents/Brights/Week 7 - ETL/week7_etl_starter/data/bad_data/weather_corrections_bad.csv,
75,OSL,Oslo,2024-05-14,12.7,18.0,8.5,0.0,70,12.4,teacher_generated_backup,7b4375e8-7b18-43e1-9398-d52f01d48e3c,2026-06-23 08:24:37,/Users/seb_el_famoso/Documents/Brights/Week 7 - ETL/week7_etl_starter/data/bad_data/weather_corrections_bad.csv,
76,OSL,Oslo,2024-05-15,12.6,16.9,8.7,0.0,73,15.6,teacher_generated_backup,7b4375e8-7b18-43e1-9398-d52f01d48e3c,2026-06-23 08:24:37,/Users/seb_el_famoso/Documents/Brights/Week 7 - ETL/week7_etl_starter/data/bad_data/weather_corrections_bad.csv,
77,OSL,Oslo,2024-05-16,14.1,20.0,10.7,0.0,64,10.0,teacher_generated_backup,7b4375e8-7b18-43e1-9398-d52f01d48e3c,2026-06-23 08:24:37,/Users/seb_el_famoso/Documents/Brights/Week 7 - ETL/week7_etl_starter/data/bad_data/weather_corrections_bad.csv,
78,OSL,Oslo,2024-05-17,13.2,18.8,10.5,0.0,63,19.0,teacher_generated_backup,7b4375e8-7b18-43e1-9398-d52f01d48e3c,2026-06-23 08:24:37,/Users/seb_el_famoso/Documents/Brights/Week 7 - ETL/week7_etl_starter/data/bad_data/weather_corrections_bad.csv,
79,OSL,Oslo,2024-05-18,13.4,16.6,11.4,0.0,59,10.2,teacher_generated_backup,7b4375e8-7b18-43e1-9398-d52f01d48e3c,2026-06-23 08:24:37,/Users/seb_el_famoso/Documents/Brights/Week 7 - ETL/week7_etl_starter/data/bad_data/weather_corrections_bad.csv,
80,OSL,Oslo,2024-05-19,14.3,17.1,10.7,0.0,76,17.6,teacher_generated_backup,7b4375e8-7b18-43e1-9398-d52f01d48e3c,2026-06-23 08:24:37,/Users/seb_el_famoso/Documents/Brights/Week 7 - ETL/week7_etl_starter/data/bad_data/weather_corrections_bad.csv,
81,OSL,Oslo,2024-05-20,15.5,21.8,11.6,0.4,74,10.4,teacher_generated_backup,7b4375e8-7b18-43e1-9398-d52f01d48e3c,2026-06-23 08:24:37,/Users/seb_el_famoso/Documents/Brights/Week 7 - ETL/week7_etl_starter/data/bad_data/weather_corrections_bad.csv,
82,OSL,Oslo,2024-05-21,14.2,19.2,10.1,0.0,66,18.0,teacher_generated_backup,7b4375e8-7b18-43e1-9398-d52f01d48e3c,2026-06-23 08:24:37,/Users/seb_el_famoso/Documents/Brights/Week 7 - ETL/week7_etl_starter/data/bad_data/weather_corrections_bad.csv,
83,OSL,Oslo,2024-05-22,13.2,17.2,11.0,0.0,63,10.8,teacher_generated_backup,7b4375e8-7b18-43e1-9398-d52f01d48e3c,2026-06-23 08:24:37,/Users/seb_el_famoso/Documents/Brights/Week 7 - ETL/week7_etl_starter/data/bad_data/weather_corrections_bad.csv,
84,OSL,Oslo,2024-05-23,12.3,18.1,8.4,0.0,76,13.3,teacher_generated_backup,7b4375e8-7b18-43e1-9398-d52f01d48e3c,2026-06-23 08:24:37,/Users/seb_el_famoso/Documents/Brights/Week 7 - ETL/week7_etl_starter/data/bad_data/weather_corrections_bad.csv,
85,OSL,Oslo,2024-05-24,12.3,18.0,10.1,0.0,70,7.8,teacher_generated_backup,7b4375e8-7b18-43e1-9398-d52f01d48e3c,2026-06-23 08:24:37,/Users/seb_el_famoso/Documents/Brights/Week 7 - ETL/week7_etl_starter/data/bad_data/weather_corrections_bad.csv,
86,OSL,Oslo,2024-05-25,14.5,20.5,10.4,0.0,59,15.2,teacher_generated_backup,7b4375e8-7b18-43e1-9398-d52f01d48e3c,2026-06-23 08:24:37,/Users/seb_el_famoso/Documents/Brights/Week 7 - ETL/week7_etl_starter/data/bad_data/weather_corrections_bad.csv,
87,OSL,Oslo,2024-05-26,15.6,21.6,13.2,0.0,69,6.7,teacher_generated_backup,7b4375e8-7b18-43e1-9398-d52f01d48e3c,2026-06-23 08:24:37,/Users/seb_el_famoso/Documents/Brights/Week 7 - ETL/week7_etl_starter/data/bad_data/weather_corrections_bad.csv,
88,OSL,Oslo,2024-05-27,12.5,16.7,9.1,0.0,61,8.8,teacher_generated_backup,7b4375e8-7b18-43e1-9398-d52f01d48e3c,2026-06-23 08:24:37,/Users/seb_el_famoso/Documents/Brights/Week 7 - ETL/week7_etl_starter/data/bad_data/weather_corrections_bad.csv,
89,OSL,Oslo,2024-05-28,12.9,17.9,9.7,0.0,66,11.8,teacher_generated_backup,7b4375e8-7b18-43e1-9398-d52f01d48e3c,2026-06-23 08:24:37,/Users/seb_el_famoso/Documents/Brights/Week 7 - ETL/week7_etl_starter/data/bad_data/weather_corrections_bad.csv,
90,OSL,Oslo,2024-05-29,15.0,18.5,10.7,0.0,77,12.0,teacher_generated_backup,7b4375e8-7b18-43e1-9398-d52f01d48e3c,2026-06-23 08:24:37,/Users/seb_el_famoso/Documents/Brights/Week 7 - ETL/week7_etl_starter/data/bad_data/weather_corrections_bad.csv,
91,OSL,Oslo,2024-05-30,14.6,19.9,9.9,0.0,69,12.1,teacher_generated_backup,7b4375e8-7b18-43e1-9398-d52f01d48e3c,2026-06-23 08:24:37,/Users/seb_el_famoso/Documents/Brights/Week 7 - ETL/week7_etl_starter/data/bad_data/weather_corrections_bad.csv,
92,OSL,Oslo,2024-05-31,14.2,20.2,11.7,0.0,78,14.2,teacher_generated_backup,7b4375e8-7b18-43e1-9398-d52f01d48e3c,2026-06-23 08:24:37,/Users/seb_el_famoso/Documents/Brights/Week 7 - ETL/week7_etl_starter/data/bad_data/weather_corrections_bad.csv,
93,CPH,Copenhagen,2024-05-01,11.3,15.3,9.1,0.0,67,11.8,teacher_generated_backup,7b4375e8-7b18-43e1-9398-d52f01d48e3c,2026-06-23 08:24:37,/Users/seb_el_famoso/Documents/Brights/Week 7 - ETL/week7_etl_starter/data/bad_data/weather_corrections_bad.csv,
94,CPH,Copenhagen,2024-05-02,12.8,19.2,9.2,0.0,68,14.7,teacher_generated_backup,7b4375e8-7b18-43e1-9398-d52f01d48e3c,2026-06-23 08:24:37,/Users/seb_el_famoso/Documents/Brights/Week 7 - ETL/week7_etl_starter/data/bad_data/weather_corrections_bad.csv,
95,CPH,Copenhagen,2024-05-03,13.2,16.7,9.0,1.4,61,16.5,teacher_generated_backup,7b4375e8-7b18-43e1-9398-d52f01d48e3c,2026-06-23 08:24:37,/Users/seb_el_famoso/Documents/Brights/Week 7 - ETL/week7_etl_starter/data/bad_data/weather_corrections_bad.csv,
96,CPH,Copenhagen,2024-05-04,13.4,18.3,11.0,0.0,55,11.5,teacher_generated_backup,7b4375e8-7b18-43e1-9398-d52f01d48e3c,2026-06-23 08:24:37,/Users/seb_el_famoso/Documents/Brights/Week 7 - ETL/week7_etl_starter/data/bad_data/weather_corrections_bad.csv,
97,CPH,Copenhagen,2024-05-05,13.5,17.9,10.0,0.0,75,16.6,teacher_generated_backup,7b4375e8-7b18-43e1-9398-d52f01d48e3c,2026-06-23 08:24:37,/Users/seb_el_famoso/Documents/Brights/Week 7 - ETL/week7_etl_starter/data/bad_data/weather_corrections_bad.csv,
98,CPH,Copenhagen,2024-05-06,14.0,20.1,11.0,0.0,73,7.2,teacher_generated_backup,7b4375e8-7b18-43e1-9398-d52f01d48e3c,2026-06-23 08:24:37,/Users/seb_el_famoso/Documents/Brights/Week 7 - ETL/week7_etl_starter/data/bad_data/weather_corrections_bad.csv,
99,CPH,Copenhagen,2024-05-07,13.1,16.3,8.9,0.0,70,11.1,teacher_generated_backup,7b4375e8-7b18-43e1-9398-d52f01d48e3c,2026-06-23 08:24:37,/Users/seb_el_famoso/Documents/Brights/Week 7 - ETL/week7_etl_starter/data/bad_data/weather_corrections_bad.csv,
100,CPH,Copenhagen,2024-05-08,12.9,17.7,9.0,0.0,66,14.4,teacher_generated_backup,7b4375e8-7b18-43e1-9398-d52f01d48e3c,2026-06-23 08:24:37,/Users/seb_el_famoso/Documents/Brights/Week 7 - ETL/week7_etl_starter/data/bad_data/weather_corrections_bad.csv,
101,CPH,Copenhagen,2024-05-09,12.5,18.2,8.1,0.0,81,16.3,teacher_generated_backup,7b4375e8-7b18-43e1-9398-d52f01d48e3c,2026-06-23 08:24:37,/Users/seb_el_famoso/Documents/Brights/Week 7 - ETL/week7_etl_starter/data/bad_data/weather_corrections_bad.csv,
102,CPH,Copenhagen,2024-05-10,13.2,19.2,10.2,0.0,77,18.1,teacher_generated_backup,7b4375e8-7b18-43e1-9398-d52f01d48e3c,2026-06-23 08:24:37,/Users/seb_el_famoso/Documents/Brights/Week 7 - ETL/week7_etl_starter/data/bad_data/weather_corrections_bad.csv,
103,CPH,Copenhagen,2024-05-11,12.2,18.2,8.8,0.0,69,9.4,teacher_generated_backup,7b4375e8-7b18-43e1-9398-d52f01d48e3c,2026-06-23 08:24:37,/Users/seb_el_famoso/Documents/Brights/Week 7 - ETL/week7_etl_starter/data/bad_data/weather_corrections_bad.csv,
104,CPH,Copenhagen,2024-05-12,11.1,14.4,7.3,0.0,57,19.3,teacher_generated_backup,7b4375e8-7b18-43e1-9398-d52f01d48e3c,2026-06-23 08:24:37,/Users/seb_el_famoso/Documents/Brights/Week 7 - ETL/week7_etl_starter/data/bad_data/weather_corrections_bad.csv,
105,CPH,Copenhagen,2024-05-13,14.4,18.7,9.8,0.0,67,17.8,teacher_generated_backup,7b4375e8-7b18-43e1-9398-d52f01d48e3c,2026-06-23 08:24:37,/Users/seb_el_famoso/Documents/Brights/Week 7 - ETL/week7_etl_starter/data/bad_data/weather_corrections_bad.csv,
106,CPH,Copenhagen,2024-05-14,12.4,15.2,7.6,0.0,73,14.5,teacher_generated_backup,7b4375e8-7b18-43e1-9398-d52f01d48e3c,2026-06-23 08:24:37,/Users/seb_el_famoso/Documents/Brights/Week 7 - ETL/week7_etl_starter/data/bad_data/weather_corrections_bad.csv,
107,CPH,Copenhagen,2024-05-15,13.0,19.3,8.7,0.0,68,16.9,teacher_generated_backup,7b4375e8-7b18-43e1-9398-d52f01d48e3c,2026-06-23 08:24:37,/Users/seb_el_famoso/Documents/Brights/Week 7 - ETL/week7_etl_starter/data/bad_data/weather_corrections_bad.csv,
108,CPH,Copenhagen,2024-05-16,14.7,20.8,12.7,0.0,59,17.1,teacher_generated_backup,7b4375e8-7b18-43e1-9398-d52f01d48e3c,2026-06-23 08:24:37,/Users/seb_el_famoso/Documents/Brights/Week 7 - ETL/week7_etl_starter/data/bad_data/weather_corrections_bad.csv,
109,CPH,Copenhagen,2024-05-17,15.1,18.1,12.9,0.0,60,19.8,teacher_generated_backup,7b4375e8-7b18-43e1-9398-d52f01d48e3c,2026-06-23 08:24:37,/Users/seb_el_famoso/Documents/Brights/Week 7 - ETL/week7_etl_starter/data/bad_data/weather_corrections_bad.csv,
110,CPH,Copenhagen,2024-05-18,13.6,20.0,9.1,0.0,68,13.3,teacher_generated_backup,7b4375e8-7b18-43e1-9398-d52f01d48e3c,2026-06-23 08:24:37,/Users/seb_el_famoso/Documents/Brights/Week 7 - ETL/week7_etl_starter/data/bad_data/weather_corrections_bad.csv,
111,CPH,Copenhagen,2024-05-19,15.5,21.4,12.9,0.0,65,8.4,teacher_generated_backup,7b4375e8-7b18-43e1-9398-d52f01d48e3c,2026-06-23 08:24:37,/Users/seb_el_famoso/Documents/Brights/Week 7 - ETL/week7_etl_starter/data/bad_data/weather_corrections_bad.csv,
112,CPH,Copenhagen,2024-05-20,13.8,19.8,10.0,0.0,76,18.7,teacher_generated_backup,7b4375e8-7b18-43e1-9398-d52f01d48e3c,2026-06-23 08:24:37,/Users/seb_el_famoso/Documents/Brights/Week 7 - ETL/week7_etl_starter/data/bad_data/weather_corrections_bad.csv,
113,CPH,Copenhagen,2024-05-21,14.4,17.8,11.0,0.0,73,13.4,teacher_generated_backup,7b4375e8-7b18-43e1-9398-d52f01d48e3c,2026-06-23 08:24:37,/Users/seb_el_famoso/Documents/Brights/Week 7 - ETL/week7_etl_starter/data/bad_data/weather_corrections_bad.csv,
114,CPH,Copenhagen,2024-05-22,14.2,19.2,12.0,0.0,78,10.9,teacher_generated_backup,7b4375e8-7b18-43e1-9398-d52f01d48e3c,2026-06-23 08:24:37,/Users/seb_el_famoso/Documents/Brights/Week 7 - ETL/week7_etl_starter/data/bad_data/weather_corrections_bad.csv,
115,CPH,Copenhagen,2024-05-23,15.2,17.9,13.1,0.0,74,11.6,teacher_generated_backup,7b4375e8-7b18-43e1-9398-d52f01d48e3c,2026-06-23 08:24:37,/Users/seb_el_famoso/Documents/Brights/Week 7 - ETL/week7_etl_starter/data/bad_data/weather_corrections_bad.csv,
116,CPH,Copenhagen,2024-05-24,16.7,20.4,13.8,0.0,53,11.1,teacher_generated_backup,7b4375e8-7b18-43e1-9398-d52f01d48e3c,2026-06-23 08:24:37,/Users/seb_el_famoso/Documents/Brights/Week 7 - ETL/week7_etl_starter/data/bad_data/weather_corrections_bad.csv,
117,CPH,Copenhagen,2024-05-25,15.1,19.3,11.2,0.0,64,8.0,teacher_generated_backup,7b4375e8-7b18-43e1-9398-d52f01d48e3c,2026-06-23 08:24:37,/Users/seb_el_famoso/Documents/Brights/Week 7 - ETL/week7_etl_starter/data/bad_data/weather_corrections_bad.csv,
118,CPH,Copenhagen,2024-05-26,13.2,18.1,8.3,0.0,70,9.9,teacher_generated_backup,7b4375e8-7b18-43e1-9398-d52f01d48e3c,2026-06-23 08:24:37,/Users/seb_el_famoso/Documents/Brights/Week 7 - ETL/week7_etl_starter/data/bad_data/weather_corrections_bad.csv,
119,CPH,Copenhagen,2024-05-27,14.5,19.1,9.6,0.0,64,9.9,teacher_generated_backup,7b4375e8-7b18-43e1-9398-d52f01d48e3c,2026-06-23 08:24:37,/Users/seb_el_famoso/Documents/Brights/Week 7 - ETL/week7_etl_starter/data/bad_data/weather_corrections_bad.csv,
120,CPH,Copenhagen,2024-05-28,15.9,20.2,12.4,0.0,71,5.9,teacher_generated_backup,7b4375e8-7b18-43e1-9398-d52f01d48e3c,2026-06-23 08:24:37,/Users/seb_el_famoso/Documents/Brights/Week 7 - ETL/week7_etl_starter/data/bad_data/weather_corrections_bad.csv,
121,CPH,Copenhagen,2024-05-29,14.2,19.8,11.5,3.7,61,7.8,teacher_generated_backup,7b4375e8-7b18-43e1-9398-d52f01d48e3c,2026-06-23 08:24:37,/Users/seb_el_famoso/Documents/Brights/Week 7 - ETL/week7_etl_starter/data/bad_data/weather_corrections_bad.csv,
122,CPH,Copenhagen,2024-05-30,14.5,19.2,12.1,0.0,67,16.1,teacher_generated_backup,7b4375e8-7b18-43e1-9398-d52f01d48e3c,2026-06-23 08:24:37,/Users/seb_el_famoso/Documents/Brights/Week 7 - ETL/week7_etl_starter/data/bad_data/weather_corrections_bad.csv,
123,CPH,Copenhagen,2024-05-31,16.3,21.7,14.1,0.0,57,16.1,teacher_generated_backup,7b4375e8-7b18-43e1-9398-d52f01d48e3c,2026-06-23 08:24:37,/Users/seb_el_famoso/Documents/Brights/Week 7 - ETL/week7_etl_starter/data/bad_data/weather_corrections_bad.csv,
124,BER,Berlin,2024-05-01,15.7,19.9,11.2,0.0,61,10.5,teacher_generated_backup,7b4375e8-7b18-43e1-9398-d52f01d48e3c,2026-06-23 08:24:37,/Users/seb_el_famoso/Documents/Brights/Week 7 - ETL/week7_etl_starter/data/bad_data/weather_corrections_bad.csv,
125,BER,Berlin,2024-05-02,16.5,22.3,12.4,0.0,80,19.4,teacher_generated_backup,7b4375e8-7b18-43e1-9398-d52f01d48e3c,2026-06-23 08:24:37,/Users/seb_el_famoso/Documents/Brights/Week 7 - ETL/week7_etl_starter/data/bad_data/weather_corrections_bad.csv,
126,BER,Berlin,2024-05-03,14.6,18.9,11.9,0.0,52,12.0,teacher_generated_backup,7b4375e8-7b18-43e1-9398-d52f01d48e3c,2026-06-23 08:24:37,/Users/seb_el_famoso/Documents/Brights/Week 7 - ETL/week7_etl_starter/data/bad_data/weather_corrections_bad.csv,
127,BER,Berlin,2024-05-04,12.9,16.5,9.0,0.0,66,9.4,teacher_generated_backup,7b4375e8-7b18-43e1-9398-d52f01d48e3c,2026-06-23 08:24:37,/Users/seb_el_famoso/Documents/Brights/Week 7 - ETL/week7_etl_starter/data/bad_data/weather_corrections_bad.csv,
128,BER,Berlin,2024-05-05,14.9,19.4,11.7,0.0,70,11.0,teacher_generated_backup,7b4375e8-7b18-43e1-9398-d52f01d48e3c,2026-06-23 08:24:37,/Users/seb_el_famoso/Documents/Brights/Week 7 - ETL/week7_etl_starter/data/bad_data/weather_corrections_bad.csv,
129,BER,Berlin,2024-05-06,16.7,20.1,14.1,0.0,71,13.3,teacher_generated_backup,7b4375e8-7b18-43e1-9398-d52f01d48e3c,2026-06-23 08:24:37,/Users/seb_el_famoso/Documents/Brights/Week 7 - ETL/week7_etl_starter/data/bad_data/weather_corrections_bad.csv,
130,BER,Berlin,2024-05-07,15.8,20.5,13.0,0.0,49,11.5,teacher_generated_backup,7b4375e8-7b18-43e1-9398-d52f01d48e3c,2026-06-23 08:24:37,/Users/seb_el_famoso/Documents/Brights/Week 7 - ETL/week7_etl_starter/data/bad_data/weather_corrections_bad.csv,
131,BER,Berlin,2024-05-08,16.1,19.4,12.8,0.0,80,14.2,teacher_generated_backup,7b4375e8-7b18-43e1-9398-d52f01d48e3c,2026-06-23 08:24:37,/Users/seb_el_famoso/Documents/Brights/Week 7 - ETL/week7_etl_starter/data/bad_data/weather_corrections_bad.csv,
132,BER,Berlin,2024-05-09,17.3,22.5,14.9,0.0,58,19.9,teacher_generated_backup,7b4375e8-7b18-43e1-9398-d52f01d48e3c,2026-06-23 08:24:37,/Users/seb_el_famoso/Documents/Brights/Week 7 - ETL/week7_etl_starter/data/bad_data/weather_corrections_bad.csv,
133,BER,Berlin,2024-05-10,15.4,20.9,12.1,0.0,61,16.3,teacher_generated_backup,7b4375e8-7b18-43e1-9398-d52f01d48e3c,2026-06-23 08:24:37,/Users/seb_el_famoso/Documents/Brights/Week 7 - ETL/week7_etl_starter/data/bad_data/weather_corrections_bad.csv,
134,BER,Berlin,2024-05-11,15.2,21.1,11.0,0.0,76,13.8,teacher_generated_backup,7b4375e8-7b18-43e1-9398-d52f01d48e3c,2026-06-23 08:24:37,/Users/seb_el_famoso/Documents/Brights/Week 7 - ETL/week7_etl_starter/data/bad_data/weather_corrections_bad.csv,
135,BER,Berlin,2024-05-12,14.8,20.9,9.8,0.3,64,14.0,teacher_generated_backup,7b4375e8-7b18-43e1-9398-d52f01d48e3c,2026-06-23 08:24:37,/Users/seb_el_famoso/Documents/Brights/Week 7 - ETL/week7_etl_starter/data/bad_data/weather_corrections_bad.csv,
136,BER,Berlin,2024-05-13,14.2,18.1,9.3,0.0,70,14.6,teacher_generated_backup,7b4375e8-7b18-43e1-9398-d52f01d48e3c,2026-06-23 08:24:37,/Users/seb_el_famoso/Documents/Brights/Week 7 - ETL/week7_etl_starter/data/bad_data/weather_corrections_bad.csv,
137,BER,Berlin,2024-05-14,15.6,18.2,10.9,0.0,65,10.6,teacher_generated_backup,7b4375e8-7b18-43e1-9398-d52f01d48e3c,2026-06-23 08:24:37,/Users/seb_el_famoso/Documents/Brights/Week 7 - ETL/week7_etl_starter/data/bad_data/weather_corrections_bad.csv,
138,BER,Berlin,2024-05-15,17.5,21.2,14.3,1.1,61,15.8,teacher_generated_backup,7b4375e8-7b18-43e1-9398-d52f01d48e3c,2026-06-23 08:24:37,/Users/seb_el_famoso/Documents/Brights/Week 7 - ETL/week7_etl_starter/data/bad_data/weather_corrections_bad.csv,
139,BER,Berlin,2024-05-16,16.2,19.2,11.9,0.0,72,14.4,teacher_generated_backup,7b4375e8-7b18-43e1-9398-d52f01d48e3c,2026-06-23 08:24:37,/Users/seb_el_famoso/Documents/Brights/Week 7 - ETL/week7_etl_starter/data/bad_data/weather_corrections_bad.csv,
140,BER,Berlin,2024-05-17,14.3,20.6,9.7,0.0,66,12.1,teacher_generated_backup,7b4375e8-7b18-43e1-9398-d52f01d48e3c,2026-06-23 08:24:37,/Users/seb_el_famoso/Documents/Brights/Week 7 - ETL/week7_etl_starter/data/bad_data/weather_corrections_bad.csv,
141,BER,Berlin,2024-05-18,14.5,19.5,9.6,0.0,68,17.4,teacher_generated_backup,7b4375e8-7b18-43e1-9398-d52f01d48e3c,2026-06-23 08:24:37,/Users/seb_el_famoso/Documents/Brights/Week 7 - ETL/week7_etl_starter/data/bad_data/weather_corrections_bad.csv,
142,BER,Berlin,2024-05-19,15.9,19.0,13.5,0.0,62,15.4,teacher_generated_backup,7b4375e8-7b18-43e1-9398-d52f01d48e3c,2026-06-23 08:24:37,/Users/seb_el_famoso/Documents/Brights/Week 7 - ETL/week7_etl_starter/data/bad_data/weather_corrections_bad.csv,
143,BER,Berlin,2024-05-20,16.8,22.4,12.5,0.0,60,5.8,teacher_generated_backup,7b4375e8-7b18-43e1-9398-d52f01d48e3c,2026-06-23 08:24:37,/Users/seb_el_famoso/Documents/Brights/Week 7 - ETL/week7_etl_starter/data/bad_data/weather_corrections_bad.csv,
144,BER,Berlin,2024-05-21,15.5,20.2,12.9,0.0,71,14.0,teacher_generated_backup,7b4375e8-7b18-43e1-9398-d52f01d48e3c,2026-06-23 08:24:37,/Users/seb_el_famoso/Documents/Brights/Week 7 - ETL/week7_etl_starter/data/bad_data/weather_corrections_bad.csv,
145,BER,Berlin,2024-05-22,15.5,20.3,13.3,0.2,60,13.2,teacher_generated_backup,7b4375e8-7b18-43e1-9398-d52f01d48e3c,2026-06-23 08:24:37,/Users/seb_el_famoso/Documents/Brights/Week 7 - ETL/week7_etl_starter/data/bad_data/weather_corrections_bad.csv,
146,BER,Berlin,2024-05-23,18.0,23.5,14.4,0.0,57,12.3,teacher_generated_backup,7b4375e8-7b18-43e1-9398-d52f01d48e3c,2026-06-23 08:24:37,/Users/seb_el_famoso/Documents/Brights/Week 7 - ETL/week7_etl_starter/data/bad_data/weather_corrections_bad.csv,
147,BER,Berlin,2024-05-24,17.4,23.0,15.0,0.0,65,20.2,teacher_generated_backup,7b4375e8-7b18-43e1-9398-d52f01d48e3c,2026-06-23 08:24:37,/Users/seb_el_famoso/Documents/Brights/Week 7 - ETL/week7_etl_starter/data/bad_data/weather_corrections_bad.csv,
148,BER,Berlin,2024-05-25,19.2,24.3,15.5,0.0,53,13.3,teacher_generated_backup,7b4375e8-7b18-43e1-9398-d52f01d48e3c,2026-06-23 08:24:37,/Users/seb_el_famoso/Documents/Brights/Week 7 - ETL/week7_etl_starter/data/bad_data/weather_corrections_bad.csv,
149,BER,Berlin,2024-05-26,16.0,21.5,12.7,0.0,52,15.4,teacher_generated_backup,7b4375e8-7b18-43e1-9398-d52f01d48e3c,2026-06-23 08:24:37,/Users/seb_el_famoso/Documents/Brights/Week 7 - ETL/week7_etl_starter/data/bad_data/weather_corrections_bad.csv,
150,BER,Berlin,2024-05-27,16.9,21.5,12.9,0.0,71,15.5,teacher_generated_backup,7b4375e8-7b18-43e1-9398-d52f01d48e3c,2026-06-23 08:24:37,/Users/seb_el_famoso/Documents/Brights/Week 7 - ETL/week7_etl_starter/data/bad_data/weather_corrections_bad.csv,
151,BER,Berlin,2024-05-28,16.8,21.6,13.7,0.0,51,16.4,teacher_generated_backup,7b4375e8-7b18-43e1-9398-d52f01d48e3c,2026-06-23 08:24:37,/Users/seb_el_famoso/Documents/Brights/Week 7 - ETL/week7_etl_starter/data/bad_data/weather_corrections_bad.csv,
152,BER,Berlin,2024-05-29,17.2,22.1,15.2,0.0,61,13.2,teacher_generated_backup,7b4375e8-7b18-43e1-9398-d52f01d48e3c,2026-06-23 08:24:37,/Users/seb_el_famoso/Documents/Brights/Week 7 - ETL/week7_etl_starter/data/bad_data/weather_corrections_bad.csv,
153,BER,Berlin,2024-05-30,16.9,20.2,14.6,0.0,59,12.7,teacher_generated_backup,7b4375e8-7b18-43e1-9398-d52f01d48e3c,2026-06-23 08:24:37,/Users/seb_el_famoso/Documents/Brights/Week 7 - ETL/week7_etl_starter/data/bad_data/weather_corrections_bad.csv,
154,BER,Berlin,2024-05-31,16.8,19.8,12.9,0.0,75,19.0,teacher_generated_backup,7b4375e8-7b18-43e1-9398-d52f01d48e3c,2026-06-23 08:24:37,/Users/seb_el_famoso/Documents/Brights/Week 7 - ETL/week7_etl_starter/data/bad_data/weather_corrections_bad.csv,
155,AMS,Amsterdam,2024-05-01,14.4,20.4,10.2,0.0,62,11.0,teacher_generated_backup,7b4375e8-7b18-43e1-9398-d52f01d48e3c,2026-06-23 08:24:37,/Users/seb_el_famoso/Documents/Brights/Week 7 - ETL/week7_etl_starter/data/bad_data/weather_corrections_bad.csv,
156,AMS,Amsterdam,2024-05-02,11.5,14.5,8.6,0.0,74,7.9,teacher_generated_backup,7b4375e8-7b18-43e1-9398-d52f01d48e3c,2026-06-23 08:24:37,/Users/seb_el_famoso/Documents/Brights/Week 7 - ETL/week7_etl_starter/data/bad_data/weather_corrections_bad.csv,
157,AMS,Amsterdam,2024-05-03,12.3,17.6,8.6,0.0,68,11.8,teacher_generated_backup,7b4375e8-7b18-43e1-9398-d52f01d48e3c,2026-06-23 08:24:37,/Users/seb_el_famoso/Documents/Brights/Week 7 - ETL/week7_etl_starter/data/bad_data/weather_corrections_bad.csv,
158,AMS,Amsterdam,2024-05-04,12.9,18.4,8.6,0.0,70,14.5,teacher_generated_backup,7b4375e8-7b18-43e1-9398-d52f01d48e3c,2026-06-23 08:24:37,/Users/seb_el_famoso/Documents/Brights/Week 7 - ETL/week7_etl_starter/data/bad_data/weather_corrections_bad.csv,
159,AMS,Amsterdam,2024-05-05,14.9,18.3,11.0,0.0,70,17.2,teacher_generated_backup,7b4375e8-7b18-43e1-9398-d52f01d48e3c,2026-06-23 08:24:37,/Users/seb_el_famoso/Documents/Brights/Week 7 - ETL/week7_etl_starter/data/bad_data/weather_corrections_bad.csv,
160,AMS,Amsterdam,2024-05-06,13.4,17.6,10.9,1.6,76,21.5,teacher_generated_backup,7b4375e8-7b18-43e1-9398-d52f01d48e3c,2026-06-23 08:24:37,/Users/seb_el_famoso/Documents/Brights/Week 7 - ETL/week7_etl_starter/data/bad_data/weather_corrections_bad.csv,
161,AMS,Amsterdam,2024-05-07,15.6,19.0,12.9,0.0,69,15.3,teacher_generated_backup,7b4375e8-7b18-43e1-9398-d52f01d48e3c,2026-06-23 08:24:37,/Users/seb_el_famoso/Documents/Brights/Week 7 - ETL/week7_etl_starter/data/bad_data/weather_corrections_bad.csv,
162,AMS,Amsterdam,2024-05-08,13.3,19.5,8.8,0.0,70,11.0,teacher_generated_backup,7b4375e8-7b18-43e1-9398-d52f01d48e3c,2026-06-23 08:24:37,/Users/seb_el_famoso/Documents/Brights/Week 7 - ETL/week7_etl_starter/data/bad_data/weather_corrections_bad.csv,
163,AMS,Amsterdam,2024-05-09,16.2,19.8,13.4,4.3,67,14.1,teacher_generated_backup,7b4375e8-7b18-43e1-9398-d52f01d48e3c,2026-06-23 08:24:37,/Users/seb_el_famoso/Documents/Brights/Week 7 - ETL/week7_etl_starter/data/bad_data/weather_corrections_bad.csv,
164,AMS,Amsterdam,2024-05-10,15.7,21.0,11.6,0.0,78,11.6,teacher_generated_backup,7b4375e8-7b18-43e1-9398-d52f01d48e3c,2026-06-23 08:24:37,/Users/seb_el_famoso/Documents/Brights/Week 7 - ETL/week7_etl_starter/data/bad_data/weather_corrections_bad.csv,
165,AMS,Amsterdam,2024-05-11,15.9,22.2,12.5,0.0,84,11.8,teacher_generated_backup,7b4375e8-7b18-43e1-9398-d52f01d48e3c,2026-06-23 08:24:37,/Users/seb_el_famoso/Documents/Brights/Week 7 - ETL/week7_etl_starter/data/bad_data/weather_corrections_bad.csv,
166,AMS,Amsterdam,2024-05-12,13.6,16.3,9.9,0.0,78,10.3,teacher_generated_backup,7b4375e8-7b18-43e1-9398-d52f01d48e3c,2026-06-23 08:24:37,/Users/seb_el_famoso/Documents/Brights/Week 7 - ETL/week7_etl_starter/data/bad_data/weather_corrections_bad.csv,
167,AMS,Amsterdam,2024-05-13,15.5,21.3,11.2,0.0,76,18.6,teacher_generated_backup,7b4375e8-7b18-43e1-9398-d52f01d48e3c,2026-06-23 08:24:37,/Users/seb_el_famoso/Documents/Brights/Week 7 - ETL/week7_etl_starter/data/bad_data/weather_corrections_bad.csv,
168,AMS,Amsterdam,2024-05-14,15.9,19.3,11.9,0.0,72,12.2,teacher_generated_backup,7b4375e8-7b18-43e1-9398-d52f01d48e3c,2026-06-23 08:24:37,/Users/seb_el_famoso/Documents/Brights/Week 7 - ETL/week7_etl_starter/data/bad_data/weather_corrections_bad.csv,
169,AMS,Amsterdam,2024-05-15,15.0,18.8,10.2,0.0,71,9.1,teacher_generated_backup,7b4375e8-7b18-43e1-9398-d52f01d48e3c,2026-06-23 08:24:37,/Users/seb_el_famoso/Documents/Brights/Week 7 - ETL/week7_etl_starter/data/bad_data/weather_corrections_bad.csv,
170,AMS,Amsterdam,2024-05-16,15.1,19.7,12.8,0.0,73,14.6,teacher_generated_backup,7b4375e8-7b18-43e1-9398-d52f01d48e3c,2026-06-23 08:24:37,/Users/seb_el_famoso/Documents/Brights/Week 7 - ETL/week7_etl_starter/data/bad_data/weather_corrections_bad.csv,
171,AMS,Amsterdam,2024-05-17,14.4,19.7,11.0,0.0,69,12.4,teacher_generated_backup,7b4375e8-7b18-43e1-9398-d52f01d48e3c,2026-06-23 08:24:37,/Users/seb_el_famoso/Documents/Brights/Week 7 - ETL/week7_etl_starter/data/bad_data/weather_corrections_bad.csv,
172,AMS,Amsterdam,2024-05-18,15.6,18.6,10.9,0.0,87,7.6,teacher_generated_backup,7b4375e8-7b18-43e1-9398-d52f01d48e3c,2026-06-23 08:24:37,/Users/seb_el_famoso/Documents/Brights/Week 7 - ETL/week7_etl_starter/data/bad_data/weather_corrections_bad.csv,
173,AMS,Amsterdam,2024-05-19,16.6,21.5,14.4,0.0,80,20.8,teacher_generated_backup,7b4375e8-7b18-43e1-9398-d52f01d48e3c,2026-06-23 08:24:37,/Users/seb_el_famoso/Documents/Brights/Week 7 - ETL/week7_etl_starter/data/bad_data/weather_corrections_bad.csv,
174,AMS,Amsterdam,2024-05-20,14.2,18.0,9.3,0.0,71,12.1,teacher_generated_backup,7b4375e8-7b18-43e1-9398-d52f01d48e3c,2026-06-23 08:24:37,/Users/seb_el_famoso/Documents/Brights/Week 7 - ETL/week7_etl_starter/data/bad_data/weather_corrections_bad.csv,
175,AMS,Amsterdam,2024-05-21,15.7,19.1,12.9,0.0,79,14.3,teacher_generated_backup,7b4375e8-7b18-43e1-9398-d52f01d48e3c,2026-06-23 08:24:37,/Users/seb_el_famoso/Documents/Brights/Week 7 - ETL/week7_etl_starter/data/bad_data/weather_corrections_bad.csv,
176,AMS,Amsterdam,2024-05-22,16.1,19.4,13.3,0.0,82,10.7,teacher_generated_backup,7b4375e8-7b18-43e1-9398-d52f01d48e3c,2026-06-23 08:24:37,/Users/seb_el_famoso/Documents/Brights/Week 7 - ETL/week7_etl_starter/data/bad_data/weather_corrections_bad.csv,
177,AMS,Amsterdam,2024-05-23,15.6,22.1,12.3,2.0,62,11.5,teacher_generated_backup,7b4375e8-7b18-43e1-9398-d52f01d48e3c,2026-06-23 08:24:37,/Users/seb_el_famoso/Documents/Brights/Week 7 - ETL/week7_etl_starter/data/bad_data/weather_corrections_bad.csv,
178,AMS,Amsterdam,2024-05-24,13.6,18.3,9.6,0.0,63,8.1,teacher_generated_backup,7b4375e8-7b18-43e1-9398-d52f01d48e3c,2026-06-23 08:24:37,/Users/seb_el_famoso/Documents/Brights/Week 7 - ETL/week7_etl_starter/data/bad_data/weather_corrections_bad.csv,
179,AMS,Amsterdam,2024-05-25,15.9,22.1,12.2,0.0,68,17.0,teacher_generated_backup,7b4375e8-7b18-43e1-9398-d52f01d48e3c,2026-06-23 08:24:37,/Users/seb_el_famoso/Documents/Brights/Week 7 - ETL/week7_etl_starter/data/bad_data/weather_corrections_bad.csv,
180,AMS,Amsterdam,2024-05-26,17.6,22.4,15.1,0.0,88,16.6,teacher_generated_backup,7b4375e8-7b18-43e1-9398-d52f01d48e3c,2026-06-23 08:24:37,/Users/seb_el_famoso/Documents/Brights/Week 7 - ETL/week7_etl_starter/data/bad_data/weather_corrections_bad.csv,
181,AMS,Amsterdam,2024-05-27,16.1,19.5,11.8,0.4,68,8.7,teacher_generated_backup,7b4375e8-7b18-43e1-9398-d52f01d48e3c,2026-06-23 08:24:37,/Users/seb_el_famoso/Documents/Brights/Week 7 - ETL/week7_etl_starter/data/bad_data/weather_corrections_bad.csv,
182,AMS,Amsterdam,2024-05-28,15.0,19.1,12.1,1.9,62,10.7,teacher_generated_backup,7b4375e8-7b18-43e1-9398-d52f01d48e3c,2026-06-23 08:24:37,/Users/seb_el_famoso/Documents/Brights/Week 7 - ETL/week7_etl_starter/data/bad_data/weather_corrections_bad.csv,
183,AMS,Amsterdam,2024-05-29,14.1,20.4,11.3,0.0,75,15.2,teacher_generated_backup,7b4375e8-7b18-43e1-9398-d52f01d48e3c,2026-06-23 08:24:37,/Users/seb_el_famoso/Documents/Brights/Week 7 - ETL/week7_etl_starter/data/bad_data/weather_corrections_bad.csv,
184,AMS,Amsterdam,2024-05-30,15.1,18.6,12.3,0.0,71,12.1,teacher_generated_backup,7b4375e8-7b18-43e1-9398-d52f01d48e3c,2026-06-23 08:24:37,/Users/seb_el_famoso/Documents/Brights/Week 7 - ETL/week7_etl_starter/data/bad_data/weather_corrections_bad.csv,
185,AMS,Amsterdam,2024-05-31,14.5,20.7,11.5,0.0,69,17.2,teacher_generated_backup,7b4375e8-7b18-43e1-9398-d52f01d48e3c,2026-06-23 08:24:37,/Users/seb_el_famoso/Documents/Brights/Week 7 - ETL/week7_etl_starter/data/bad_data/weather_corrections_bad.csv,
